City_ID,City,Country,Date,Lat,Lng,Max Temp,Humidity,Cloudiness,Wind Speed
0,Dikson,RU,2020-02-21 18:59:43,73.51,80.55,7.9,93,100,20.74
1,Ushuaia,AR,2020-02-21 18:58:27,-54.8,-68.3,59.0,72,40,25.28
2,Tasiilaq,GL,2020-02-21 18:59:43,65.61,-37.64,10.89,59,95,4.27
3,Maceio,BR,2020-02-21 18:57:12,-9.67,-35.74,82.4,83,75,11.41
4,Yellowknife,CA,2020-02-21 18:59:43,62.46,-114.35,12.2,85,40,11.41
5,Maniitsoq,GL,2020-02-21 18:59:44,65.42,-52.9,12.42,81,100,15.79
6,Busselton,AU,2020-02-21 18:59:44,-33.65,115.33,75.99,22,100,10.85
7,Airai,TL,2020-02-21 18:59:44,-8.93,125.41,68.41,88,100,3.24
8,Bilibino,RU,2020-02-21 18:59:44,68.05,166.44,-19.59,98,100,2.19
9,Santarem,BR,2020-02-21 18:59:45,-2.44,-54.71,82.4,83,40,5.82
10,Puerto Ayora,EC,2020-02-21 18:59:45,-0.74,-90.35,82.4,74,75,3.36
11,Havelock,US,2020-02-21 18:58:05,34.88,-76.9,39.2,59,40,25.28
12,Punta Arenas,CL,2020-02-21 18:55:09,-53.15,-70.92,68.0,49,40,23.04
13,Methoni,GR,2020-02-21 18:55:19,36.82,21.7,55.0,71,0,2.24
14,Vaini,TO,2020-02-21 18:59:47,-21.2,-175.2,75.2,78,20,9.17
15,Date,JP,2020-02-21 18:59:47,42.47,140.87,23.36,78,100,3.58
16,Bambous Virieux,MU,2020-02-21 18:59:47,-20.34,57.76,79.0,74,40,8.05
17,My Tho,VN,2020-02-21 18:59:46,10.35,106.35,75.2,69,20,5.82
18,Gashua,NG,2020-02-21 18:59:47,12.87,11.05,81.72,12,0,10.4
19,Hithadhoo,MV,2020-02-21 18:59:48,-0.6,73.08,84.11,79,85,13.06
20,Bethel,US,2020-02-21 18:59:48,41.37,-73.41,35.01,21,1,10.29
21,Kapaa,US,2020-02-21 18:59:48,22.08,-159.32,73.4,78,75,16.11
22,Yulara,AU,2020-02-21 18:59:48,-25.24,130.99,78.8,26,0,11.41
23,Kysyl-Syr,RU,2020-02-21 18:59:49,63.9,122.76,-5.67,98,100,5.7
24,Alekseyevsk,RU,2020-02-21 18:59:49,57.84,108.35,21.7,96,100,6.55
25,Izhma,RU,2020-02-21 18:59:49,65.01,53.91,12.74,93,51,9.66
26,Jamestown,US,2020-02-21 18:59:49,42.1,-79.24,30.99,53,1,13.87
27,Vuktyl,RU,2020-02-21 18:59:50,63.86,57.31,3.29,94,4,4.7
28,Hofn,IS,2020-02-21 18:59:50,64.25,-15.21,35.6,74,90,10.29
29,Ancud,CL,2020-02-21 18:59:50,-41.87,-73.82,78.8,22,0,6.93
30,Chokurdakh,RU,2020-02-21 18:59:50,70.63,147.92,-21.89,100,27,2.08
31,Charters Towers,AU,2020-02-21 18:59:50,-20.1,146.27,77.22,82,89,9.26
32,Nanortalik,GL,2020-02-21 18:59:51,60.14,-45.24,28.36,81,100,2.24
33,Rikitea,PF,2020-02-21 18:59:51,-23.12,-134.97,78.39,64,97,9.01
34,Coahuayana,MX,2020-02-21 18:59:52,18.73,-103.68,87.8,43,20,9.17
35,Talnakh,RU,2020-02-21 18:59:52,69.49,88.4,12.2,85,100,13.42
36,East London,ZA,2020-02-21 18:59:53,-33.02,27.91,75.2,83,30,10.29
37,Bathsheba,BB,2020-02-21 18:59:53,13.22,-59.52,84.2,58,40,17.22
38,Esperance,AU,2020-02-21 18:59:53,-33.87,121.9,60.8,82,20,12.75
39,Anadyr,RU,2020-02-21 18:59:54,64.75,177.48,-14.01,68,20,20.13
40,Pavlodar,KZ,2020-02-21 18:59:54,52.3,76.95,14.0,92,75,2.24
41,Chuy,UY,2020-02-21 18:59:54,-33.7,-53.46,68.07,45,65,16.04
42,Butaritari,KI,2020-02-21 18:59:54,3.07,172.79,82.04,82,100,13.47
43,Mataura,NZ,2020-02-21 18:59:54,-46.19,168.86,50.0,91,67,3.0
44,Mahebourg,MU,2020-02-21 18:59:55,-20.41,57.7,79.0,74,40,8.05
45,Nurota,UZ,2020-02-21 18:59:55,40.56,65.69,42.24,85,69,19.3
46,Albany,US,2020-02-21 18:57:01,42.6,-73.97,32.0,33,1,6.93
47,Sasina,BA,2020-02-21 18:59:55,44.8,16.74,41.0,52,0,3.36
48,Provideniya,RU,2020-02-21 18:59:56,64.38,-173.3,-12.39,72,0,8.55
49,Sisimiut,GL,2020-02-21 18:59:56,66.94,-53.67,-1.88,81,100,0.67
50,Maldonado,UY,2020-02-21 18:59:51,-34.67,-54.92,62.6,67,75,23.04
51,Come,BJ,2020-02-21 18:59:56,6.41,1.88,86.0,84,20,11.41
52,Guangyuan,CN,2020-02-21 18:59:56,32.44,105.82,48.0,76,31,1.88
53,Iquitos,PE,2020-02-21 18:59:31,-3.75,-73.25,42.8,100,75,3.36
54,Lorengau,PG,2020-02-21 18:59:57,-2.02,147.27,82.99,74,33,9.44
55,Faanui,PF,2020-02-21 18:59:57,-16.48,-151.75,81.75,79,51,15.61
56,Guerrero Negro,MX,2020-02-21 18:59:57,27.98,-114.06,70.88,40,100,8.5
57,Bereda,ES,2020-02-21 18:59:57,43.27,-7.54,57.0,82,57,2.24
58,Kontagora,NG,2020-02-21 18:59:58,10.4,5.47,91.36,16,0,3.04
59,Sergiyevsk,RU,2020-02-21 18:59:58,53.94,51.16,30.27,97,99,3.44
60,Nelipyno,UA,2020-02-21 18:59:58,48.56,23.03,34.0,91,100,1.01
61,Vilhena,BR,2020-02-21 18:58:26,-12.74,-60.15,71.6,100,90,6.93
62,Hobart,AU,2020-02-21 18:59:58,-42.88,147.33,46.4,70,92,6.93
63,Hermanus,ZA,2020-02-21 18:59:59,-34.42,19.23,66.99,86,0,1.99
64,Aberdeen,GB,2020-02-21 18:57:59,57.14,-2.1,51.01,71,83,14.99
65,Langcangan,PH,2020-02-21 18:59:59,8.48,123.76,79.79,75,38,16.13
66,Hilo,US,2020-02-21 18:59:59,19.73,-155.09,70.0,83,90,6.93
67,Freeport,US,2020-02-21 18:58:12,40.66,-73.58,35.01,24,1,10.69
68,Praxedis Guerrero,MX,2020-02-21 19:00:00,31.37,-106.02,42.8,65,90,5.82
69,Kayerkan,RU,2020-02-21 19:00:00,69.35,87.76,12.2,85,98,13.42
70,Oranjemund,NA,2020-02-21 18:55:06,-28.55,16.43,65.25,85,16,16.75
71,Yaan,NG,2020-02-21 19:00:01,7.38,8.57,92.66,13,6,4.9
72,Komsomolskiy,UZ,2020-02-21 19:00:01,40.43,71.72,41.0,44,97,4.7
73,Saint-Philippe,RE,2020-02-21 19:00:02,-21.36,55.77,78.8,69,20,17.22
74,Ponta Do Sol,PT,2020-02-21 19:00:02,32.67,-17.1,57.2,76,75,5.82
75,Kedrovoye,RU,2020-02-21 19:00:03,57.16,60.57,24.8,92,40,4.47
76,Port Alfred,ZA,2020-02-21 19:00:03,-33.59,26.89,72.0,90,15,15.55
77,Nizhniy Kuranakh,RU,2020-02-21 19:00:03,58.84,125.49,8.4,94,100,9.26
78,Atar,MR,2020-02-21 19:00:04,20.52,-13.05,91.9,7,0,17.02
79,Thompson,CA,2020-02-21 18:56:47,55.74,-97.86,33.8,55,20,13.87
80,Acarau,BR,2020-02-21 19:00:04,-2.89,-40.12,80.2,87,99,3.53
81,Port Hawkesbury,CA,2020-02-21 19:00:04,45.62,-61.35,18.0,56,1,10.29
82,Camana,PE,2020-02-21 19:00:05,-16.62,-72.71,75.38,64,100,11.03
83,Gambela,ET,2020-02-21 19:00:05,8.25,34.58,87.06,40,4,5.64
84,Hambantota,LK,2020-02-21 19:00:05,6.12,81.12,78.8,100,40,6.93
85,Saint George,US,2020-02-21 19:00:06,37.1,-113.58,59.0,15,1,6.93
86,New Norfolk,AU,2020-02-21 19:00:06,-42.78,147.06,46.4,70,92,6.93
87,Pevek,RU,2020-02-21 19:00:07,69.7,170.31,-8.91,98,100,12.41
88,Saskylakh,RU,2020-02-21 19:00:07,71.92,114.08,-1.01,96,99,9.89
89,Ankara,TR,2020-02-21 18:58:24,39.92,32.85,41.0,80,75,4.7
90,Astana,KZ,2020-02-21 19:00:08,51.18,71.45,19.4,79,100,8.95
91,Gainesville,US,2020-02-21 18:59:02,29.65,-82.32,48.0,70,90,17.22
92,Lavumisa,SZ,2020-02-21 19:00:09,-27.31,31.89,72.23,97,39,1.52
93,Port Lincoln,AU,2020-02-21 19:00:09,-34.73,135.87,60.33,83,11,12.91
94,Bluff,NZ,2020-02-21 19:00:09,-46.6,168.33,50.0,91,83,3.0
95,Cidreira,BR,2020-02-21 19:00:09,-30.18,-50.21,71.24,52,33,23.94
96,Oktyabrskiy,RU,2020-02-21 19:00:10,54.48,53.47,29.41,96,95,5.75
97,Port Elizabeth,ZA,2020-02-21 19:00:10,-33.92,25.57,69.8,88,40,8.05
98,Smithers,CA,2020-02-21 18:59:46,54.78,-127.17,42.8,35,75,21.92
99,Saldanha,ZA,2020-02-21 19:00:10,-33.01,17.94,68.0,72,0,16.11
100,Iqaluit,CA,2020-02-21 19:00:11,63.75,-68.51,-29.0,60,20,3.36
101,Poso,ID,2020-02-21 19:00:11,-1.4,120.75,66.04,88,100,1.86
102,Padang,ID,2020-02-21 19:00:11,-0.95,100.35,70.41,82,30,6.71
103,Avarua,CK,2020-02-21 19:00:11,-21.21,-159.78,82.4,83,64,10.29
104,Port Arthur,CN,2020-02-21 19:00:11,38.8,121.27,35.6,74,18,11.18
105,Luderitz,NA,2020-02-21 19:00:12,-26.65,15.16,68.0,77,16,21.92
106,Sibu,MY,2020-02-21 19:00:12,2.3,111.82,77.0,94,75,3.36
107,Rocha,UY,2020-02-21 18:59:51,-34.48,-54.33,64.13,50,54,20.49
108,College,US,2020-02-21 18:59:56,64.86,-147.8,10.4,92,90,4.7
109,Tiarei,PF,2020-02-21 19:00:12,-17.53,-149.33,84.2,70,20,2.24
110,Cape Town,ZA,2020-02-21 19:00:03,-33.93,18.42,70.0,72,0,12.75
111,Laguna,US,2020-02-21 19:00:13,38.42,-121.42,66.99,41,1,10.29
112,Atuona,PF,2020-02-21 19:00:13,-9.8,-139.03,81.59,77,96,18.16
113,Qaanaaq,GL,2020-02-21 19:00:14,77.48,-69.36,-16.58,49,0,5.06
114,Palu,ID,2020-02-21 19:00:14,-0.89,119.87,66.22,88,100,3.06
115,Tabou,CI,2020-02-21 19:00:14,4.42,-7.35,82.83,79,100,5.12
116,Moose Factory,CA,2020-02-21 19:00:14,51.26,-80.61,35.6,47,1,21.92
117,Arraial Do Cabo,BR,2020-02-21 19:00:14,-22.97,-42.03,84.2,79,40,9.17
118,Harper,LR,2020-02-21 19:00:15,4.38,-7.72,82.83,79,100,5.12
119,Veinte De Noviembre,MX,2020-02-21 19:00:15,14.98,-92.25,89.6,55,40,11.41
120,Dingle,PH,2020-02-21 19:00:15,11.0,122.67,70.92,93,84,11.18
121,Bamako,ML,2020-02-21 18:55:36,12.65,-8.0,95.0,9,70,4.7
122,Leningradskiy,RU,2020-02-21 19:00:16,69.38,178.42,-9.35,91,100,21.34
123,Bandarbeyla,SO,2020-02-21 19:00:16,9.49,50.81,77.65,75,62,12.41
124,Kruisfontein,ZA,2020-02-21 19:00:16,-34.0,24.73,68.25,82,0,3.18
125,Khatanga,RU,2020-02-21 19:00:17,71.97,102.5,-15.43,98,64,9.26
126,Ondo,NG,2020-02-21 19:00:17,7.1,4.83,89.98,26,6,5.06
127,Encarnacion,PY,2020-02-21 19:00:17,-27.33,-55.9,77.0,38,17,18.34
128,Pantai Remis,MY,2020-02-21 19:00:17,4.46,100.63,78.8,94,20,5.61
129,Manono,CD,2020-02-21 19:00:17,-7.3,27.42,74.84,90,100,1.63
130,Victor Harbor,AU,2020-02-21 19:00:18,-35.57,138.62,61.0,62,1,5.82
131,Marfino,RU,2020-02-21 19:00:18,55.7,37.38,39.2,74,7,6.71
132,Ribeira Grande,PT,2020-02-21 19:00:18,38.52,-28.7,60.8,72,40,6.93
133,Pisco,PE,2020-02-21 19:00:18,-13.7,-76.22,79.0,30,90,8.05
134,Luanda,AO,2020-02-21 19:00:08,-8.84,13.23,84.2,74,40,12.75
135,Rawson,AR,2020-02-21 18:59:54,-43.3,-65.1,57.34,62,0,10.27
136,Novopokrovka,UA,2020-02-21 19:00:20,49.84,36.55,35.6,80,75,6.71
137,Ust-Nera,RU,2020-02-21 19:00:20,64.57,143.2,-31.45,100,100,2.33
138,Ternate,ID,2020-02-21 19:00:20,0.8,127.4,73.04,93,58,3.11
139,Georgetown,MY,2020-02-21 19:00:20,5.41,100.34,82.0,65,20,6.93
140,Vila Franca Do Campo,PT,2020-02-21 19:00:20,37.72,-25.43,59.0,62,75,8.05
141,Mar Del Plata,AR,2020-02-21 19:00:21,-38.0,-57.56,63.0,55,40,18.34
142,Christchurch,NZ,2020-02-21 19:00:21,-43.53,172.63,55.99,87,100,4.7
143,Palmerston,AU,2020-02-21 19:00:21,-12.49,130.98,84.0,88,90,9.17
144,Coihaique,CL,2020-02-21 19:00:21,-45.58,-72.07,82.4,19,0,4.7
145,Masty,BY,2020-02-21 19:00:22,53.41,24.54,36.7,97,100,8.41
146,Kapenguria,KE,2020-02-21 19:00:22,1.25,35.09,68.74,54,96,3.58
147,Bartica,GY,2020-02-21 19:00:22,6.4,-58.62,89.6,52,40,11.41
148,Sao Filipe,CV,2020-02-21 19:00:22,14.9,-24.5,69.82,78,59,28.25
149,Carnarvon,AU,2020-02-21 19:00:22,-24.87,113.63,78.8,88,90,10.29
150,Carauari,BR,2020-02-21 19:00:23,-4.88,-66.9,77.92,89,100,0.49
151,Cody,US,2020-02-21 19:00:23,44.53,-109.06,37.4,44,1,16.11
152,Mansfield,GB,2020-02-21 18:56:55,53.13,-1.2,52.0,76,40,25.28
153,Longyearbyen,SJ,2020-02-21 19:00:24,78.22,15.64,-0.4,70,20,11.41
154,Nikolskoye,RU,2020-02-21 19:00:24,59.7,30.79,39.99,60,75,8.95
155,Shorewood,US,2020-02-21 19:00:24,41.52,-88.2,35.01,40,1,11.41
156,Ballina,AU,2020-02-21 19:00:24,-28.87,153.57,75.2,73,98,5.82
157,Nevelsk,RU,2020-02-21 19:00:25,46.67,141.86,-5.8,83,1,4.47
158,Darhan,MN,2020-02-21 19:00:25,49.49,105.92,0.91,82,0,7.23
159,Vardo,NO,2020-02-21 19:00:25,70.37,31.11,33.8,86,75,16.11
160,Klyuchi,RU,2020-02-21 19:00:25,52.27,79.17,18.23,90,100,4.9
161,Vila Velha,BR,2020-02-21 18:58:15,-20.33,-40.29,89.6,66,20,14.99
162,Fortuna,US,2020-02-21 19:00:26,40.6,-124.16,54.0,76,1,0.47
163,Mount Gambier,AU,2020-02-21 19:00:26,-37.83,140.77,46.4,93,22,1.12
164,Dharampur,IN,2020-02-21 19:00:26,20.53,73.18,69.8,34,28,2.73
165,Korla,CN,2020-02-21 19:00:27,41.76,86.15,32.0,88,11,8.48
166,Barrow,US,2020-02-21 19:00:27,71.29,-156.79,-7.6,76,90,11.41
167,Macedo De Cavaleiros,PT,2020-02-21 18:59:53,41.54,-6.96,46.99,35,0,2.39
168,Lakes Entrance,AU,2020-02-21 19:00:28,-37.88,147.98,57.99,85,20,10.47
169,Kaitangata,NZ,2020-02-21 19:00:28,-46.28,169.85,54.0,83,85,1.99
170,Shakawe,BW,2020-02-21 19:00:28,-18.37,21.85,77.83,54,64,4.03
171,Kodiak,US,2020-02-21 19:00:29,57.79,-152.41,24.8,53,75,10.29
172,Norman Wells,CA,2020-02-21 19:00:29,65.28,-126.83,10.4,85,75,2.24
173,Jalu,LY,2020-02-21 19:00:29,29.03,21.55,60.73,48,1,10.27
174,Teguise,ES,2020-02-21 19:00:30,29.06,-13.56,66.2,68,20,13.87
175,Cherskiy,RU,2020-02-21 19:00:30,68.75,161.3,-16.56,98,99,3.67
176,Muros,ES,2020-02-21 19:00:30,42.78,-9.06,61.0,62,0,1.12
177,Macau,MO,2020-02-21 19:00:01,22.2,113.55,66.0,87,0,2.24
178,Lagoa,PT,2020-02-21 19:00:31,39.05,-27.98,59.85,73,40,9.8
179,Cabo San Lucas,MX,2020-02-21 18:59:49,22.89,-109.91,84.99,42,20,5.23
180,Beringovskiy,RU,2020-02-21 19:00:31,63.05,179.32,-11.96,76,0,3.44
181,Mazara Del Vallo,IT,2020-02-21 19:00:32,37.66,12.59,53.6,87,40,8.05
182,Araouane,ML,2020-02-21 19:00:32,18.9,-3.53,85.03,8,61,6.78
183,Samarai,PG,2020-02-21 19:00:32,-10.62,150.67,76.51,87,82,2.46
184,Te Anau,NZ,2020-02-21 19:00:32,-45.42,167.72,48.43,74,100,6.44
185,Nuuk,GL,2020-02-21 19:00:33,64.18,-51.72,15.8,61,20,6.93
186,Colesberg,ZA,2020-02-21 18:59:13,-30.72,25.1,76.32,49,51,5.37
187,Alofi,NU,2020-02-21 19:00:33,-19.06,-169.92,78.8,94,75,1.12
188,Saint-Pierre,RE,2020-02-21 19:00:33,-21.34,55.48,78.8,69,20,17.22
189,Popondetta,PG,2020-02-21 19:00:34,-8.75,148.25,73.4,91,100,3.85
190,Miandrivazo,MG,2020-02-21 19:00:34,-19.52,45.47,80.46,82,80,3.04
191,Severo-Kurilsk,RU,2020-02-21 19:00:34,50.68,156.12,15.67,91,91,14.12
192,Ponta Delgada,PT,2020-02-21 19:00:35,37.73,-25.67,59.0,62,75,8.05
193,Glencoe,ZA,2020-02-21 19:00:35,-28.18,30.15,66.02,90,46,5.99
194,Mehamn,NO,2020-02-21 19:00:35,71.04,27.85,28.8,80,63,14.79
195,Kasempa,ZM,2020-02-21 19:00:36,-13.46,25.83,68.81,84,99,1.39
196,Kamina,CD,2020-02-21 19:00:36,-8.74,24.99,69.8,91,100,2.3
197,Nome,US,2020-02-21 19:00:36,64.5,-165.41,-6.0,63,20,5.21
198,Srednekolymsk,RU,2020-02-21 19:00:36,67.45,153.68,-17.28,97,96,5.08
199,Tiksi,RU,2020-02-21 19:00:36,71.69,128.87,-4.52,86,100,10.51
200,Haines Junction,CA,2020-02-21 19:00:37,60.75,-137.51,21.7,95,88,8.52
201,Vanavara,RU,2020-02-21 19:00:37,60.34,102.28,15.87,97,100,3.36
202,Tuktoyaktuk,CA,2020-02-21 19:00:37,69.45,-133.04,-0.4,84,75,10.29
203,Sangueya,GN,2020-02-21 19:00:38,10.7,-14.37,83.03,57,81,10.74
204,Gayeri,BF,2020-02-21 19:00:38,12.65,0.49,89.47,8,0,8.97
205,Kavieng,PG,2020-02-21 19:00:38,-2.57,150.8,83.8,73,47,7.94
206,Radzyn Podlaski,PL,2020-02-21 19:00:38,51.78,22.62,39.99,100,75,4.7
207,Akyab,MM,2020-02-21 19:00:39,20.15,92.9,68.94,53,0,6.29
208,San Isidro,PE,2020-02-21 19:00:39,-12.12,-77.05,84.2,62,93,11.41
209,Marzuq,YE,2020-02-21 19:00:39,14.4,46.47,67.96,65,22,4.36
210,Nyimba,ZM,2020-02-21 19:00:39,-14.56,30.81,70.54,94,89,4.88
211,Taywarah,AF,2020-02-21 19:00:40,33.35,64.42,25.74,54,25,5.55
212,Tamandare,BR,2020-02-21 19:00:40,-8.76,-35.1,81.93,79,12,13.51
213,Rabak,SD,2020-02-21 19:00:40,13.18,32.74,79.65,8,74,13.89
214,Emerald,AU,2020-02-21 19:00:40,-23.53,148.17,75.2,100,75,6.93
215,Ous,RU,2020-02-21 19:00:41,60.91,61.52,15.22,94,41,3.09
216,Wamba,NG,2020-02-21 19:00:41,8.93,8.6,88.43,17,0,4.9
217,Wajima,JP,2020-02-21 19:00:41,37.4,136.9,48.9,65,100,9.53
218,Timizart,DZ,2020-02-21 19:00:42,36.8,4.27,57.76,73,5,9.62
219,Menongue,AO,2020-02-21 19:00:42,-14.66,17.69,67.84,90,87,4.92
220,Wageningen,NL,2020-02-21 19:00:42,51.97,5.67,48.99,75,90,19.46
221,Svrljig,RS,2020-02-21 19:00:42,43.41,22.12,42.8,60,75,17.22
222,Ankang,CN,2020-02-21 19:00:42,32.68,109.02,39.0,77,0,14.0
223,Castro,BR,2020-02-21 19:00:26,-24.79,-50.01,77.95,86,53,2.21
224,Lebu,CL,2020-02-21 19:00:43,-37.62,-73.65,77.58,32,0,5.53
225,Turukhansk,RU,2020-02-21 19:00:43,65.82,87.98,24.15,97,99,5.32
226,Murdochville,CA,2020-02-21 19:00:43,48.96,-65.5,12.79,66,19,6.67
227,Ugoofaaru,MV,2020-02-21 19:00:44,5.67,73.0,82.74,78,49,14.7
228,Ejura,GH,2020-02-21 19:00:44,7.39,-1.36,95.45,25,57,3.06
229,Villeta,CO,2020-02-21 19:00:44,5.01,-74.47,68.0,56,40,13.87
230,Ilulissat,GL,2020-02-21 19:00:44,69.22,-51.1,-2.2,53,20,6.93
231,Oistins,BB,2020-02-21 19:00:45,13.07,-59.53,84.2,58,40,17.22
232,Egvekinot,RU,2020-02-21 19:00:45,66.32,-179.17,-22.81,99,99,2.53
233,Corinth,GR,2020-02-21 19:00:45,37.94,22.96,51.01,66,20,5.82
234,Arman,RU,2020-02-21 19:00:45,59.7,150.17,-6.45,87,0,4.88
235,Rubizhne,UA,2020-02-21 19:00:46,49.01,38.38,32.79,97,100,9.24
236,Kimitsu,JP,2020-02-21 19:00:46,35.33,139.89,53.01,87,75,3.36
237,Pop,UZ,2020-02-21 19:00:46,40.87,71.11,41.0,50,100,4.7
238,Severo-Yeniseyskiy,RU,2020-02-21 19:00:46,60.37,93.04,12.25,96,70,3.65
239,Vanimo,PG,2020-02-21 19:00:46,-2.67,141.3,81.93,81,100,17.31
240,Hammerfest,NO,2020-02-21 19:00:47,70.66,23.68,33.8,59,33,14.99
241,Messina,IT,2020-02-21 18:58:39,38.19,15.55,57.2,71,20,4.7
242,Lichinga,MZ,2020-02-21 19:00:47,-13.31,35.24,68.0,94,40,5.82
243,Comodoro Rivadavia,AR,2020-02-21 19:00:01,-45.87,-67.5,73.4,31,0,11.41
244,Ilorin,NG,2020-02-21 19:00:48,8.5,4.55,93.31,13,0,5.14
245,Madang,PG,2020-02-21 19:00:48,-5.22,145.8,78.58,89,100,9.33
246,Fort Nelson,CA,2020-02-21 19:00:09,58.81,-122.7,35.6,47,20,4.7
247,Bay City,US,2020-02-21 18:58:17,43.59,-83.89,34.0,54,1,19.46
248,Bredasdorp,ZA,2020-02-21 19:00:48,-34.53,20.04,68.0,68,0,9.17
249,Nioro,GM,2020-02-21 19:00:49,13.35,-15.75,103.55,6,90,5.35
250,Rocky Mountain House,CA,2020-02-21 19:00:49,52.37,-114.92,34.48,76,74,3.06
251,Upernavik,GL,2020-02-21 19:00:50,72.79,-56.15,-13.67,94,64,5.66
252,Husavik,IS,2020-02-21 19:00:50,66.04,-17.34,28.44,96,100,22.41
253,Puro,PH,2020-02-21 19:00:50,12.48,123.38,76.3,80,65,15.77
254,Chardara,KZ,2020-02-21 19:00:50,41.25,67.97,54.25,56,100,7.72
255,Betong,TH,2020-02-21 19:00:51,5.77,101.07,68.05,95,26,3.02
256,Puerto Madryn,AR,2020-02-21 19:00:51,-42.77,-65.04,68.95,24,0,7.94
257,Ola,RU,2020-02-21 19:00:51,59.58,151.28,-9.29,82,0,2.17
258,Hay River,CA,2020-02-21 19:00:51,60.82,-115.8,24.8,68,40,6.93
259,Faya,SA,2020-02-21 19:00:51,18.39,42.45,62.6,72,88,10.29
260,Keuruu,FI,2020-02-21 19:00:52,62.27,24.7,36.0,93,90,12.75
261,Llata,PE,2020-02-21 19:00:52,-9.42,-76.78,58.69,39,100,6.62
262,Polyarnyy,RU,2020-02-21 19:00:52,69.2,33.45,33.8,80,75,13.42
263,High Level,CA,2020-02-21 19:00:52,58.52,-117.14,26.6,63,75,3.36
264,Souillac,MU,2020-02-21 19:00:53,-20.52,57.52,79.0,74,40,8.05
265,Mahon,ES,2020-02-21 19:00:53,39.89,4.27,50.0,81,0,4.7
266,Torbay,CA,2020-02-21 19:00:53,47.67,-52.73,21.0,48,75,19.46
267,Sorland,NO,2020-02-21 19:00:53,67.67,12.69,37.4,93,75,46.08
268,Tianpeng,CN,2020-02-21 19:00:53,30.99,103.94,53.6,62,40,2.46
269,Bonfim,BR,2020-02-21 19:00:54,3.08,-59.95,98.98,25,69,9.57
270,Bontang,ID,2020-02-21 19:00:54,0.13,117.5,79.77,78,98,13.04
271,Constitucion,CL,2020-02-21 19:00:54,-35.33,-72.42,68.22,63,0,9.84
272,Sinnai,IT,2020-02-21 19:00:54,39.3,9.2,57.2,71,45,13.87
273,Brewster,US,2020-02-21 19:00:55,41.4,-73.62,35.01,21,1,10.29
274,Cozumel,MX,2020-02-21 19:00:55,20.51,-86.95,84.99,62,40,10.29
275,Lere,NG,2020-02-21 19:00:55,10.39,8.57,82.08,18,0,6.38
276,Bengkulu,ID,2020-02-21 19:00:55,-3.8,102.27,73.31,89,83,4.09
277,Tocopilla,CL,2020-02-21 19:00:56,-22.09,-70.2,76.39,30,55,13.76
278,Beni,CD,2020-02-21 19:00:56,0.5,29.47,73.42,73,54,1.72
279,Ketchikan,US,2020-02-21 19:00:56,55.34,-131.65,41.0,80,90,5.82
280,Kavaratti,IN,2020-02-21 19:00:56,10.57,72.64,82.44,73,0,10.76
281,Orsha,BY,2020-02-21 19:00:56,54.52,30.41,35.06,89,18,9.8
282,Grand-Santi,GF,2020-02-21 19:00:57,4.25,-54.38,90.45,44,82,4.18
283,Mangrol,IN,2020-02-21 19:00:57,21.12,70.12,78.82,66,55,1.5
284,Clyde,US,2020-02-21 19:00:18,41.3,-82.98,34.0,50,1,14.99
285,Chernoyerkovskaya,RU,2020-02-21 19:00:57,45.43,37.77,39.2,93,75,11.18
286,Eydhafushi,MV,2020-02-21 19:00:57,5.1,73.07,83.34,79,34,20.74
287,Taunsa,PK,2020-02-21 19:00:58,30.7,70.65,63.55,50,50,4.03
288,Petauke,ZM,2020-02-21 19:00:58,-14.24,31.33,71.19,94,31,5.21
289,Wawa,NG,2020-02-21 19:00:58,9.9,4.42,91.02,26,0,3.62
290,Novobiryusinskiy,RU,2020-02-21 19:00:59,56.96,97.71,21.02,97,100,3.74
291,Lons-Le-Saunier,FR,2020-02-21 19:00:59,46.75,5.75,44.6,92,63,4.7
292,Aripuana,BR,2020-02-21 19:00:59,-9.17,-60.63,74.75,99,100,2.24
293,Manta,EC,2020-02-21 19:00:59,-0.95,-80.73,86.0,74,75,4.7
294,Larsnes,NO,2020-02-21 19:01:00,62.2,5.58,46.4,78,75,44.96
295,Mozarlandia,BR,2020-02-21 19:01:00,-14.74,-50.57,84.67,70,100,10.87
296,Sattahip,TH,2020-02-21 19:01:00,12.67,100.9,88.0,50,20,5.82
297,Gladstone,AU,2020-02-21 19:01:00,-23.85,151.25,77.0,88,75,5.82
298,Yakeshi,CN,2020-02-21 19:01:01,49.28,120.73,4.84,97,100,1.21
299,Shimoni,KE,2020-02-21 19:01:01,-4.65,39.38,82.42,81,66,10.87
300,Simoes,BR,2020-02-21 19:01:01,-7.6,-40.82,78.42,76,100,4.09
301,Salinopolis,BR,2020-02-21 19:01:02,-0.61,-47.36,79.39,82,99,5.75
302,Shalinskoye,RU,2020-02-21 19:01:02,55.72,93.76,24.73,92,100,8.21
303,Geraldton,AU,2020-02-21 19:01:02,-28.77,114.6,69.8,94,90,13.87
304,San Jeronimo,PE,2020-02-21 19:01:02,-11.95,-75.28,58.8,43,100,6.58
305,Glace Bay,CA,2020-02-21 19:01:03,46.2,-59.96,21.99,44,20,10.29
306,Fairbanks,US,2020-02-21 18:59:29,64.84,-147.72,10.4,92,90,4.7
307,Clyde River,CA,2020-02-21 19:01:03,70.47,-68.59,-20.2,75,40,5.82
308,Neiafu,TO,2020-02-21 19:01:03,-18.65,-173.98,68.0,100,20,18.61
309,Broome,US,2020-02-21 19:01:04,42.25,-75.83,30.0,38,1,8.05
310,San Lorenzo,PY,2020-02-21 19:01:04,-25.33,-57.53,84.2,32,38,23.04
311,Ahipara,NZ,2020-02-21 19:01:04,-35.17,173.17,70.0,100,44,13.87
312,Sinnamary,GF,2020-02-21 19:01:04,5.38,-52.95,79.57,76,51,9.53
313,Bongor,TD,2020-02-21 19:01:04,10.28,15.37,89.15,15,50,7.05
314,Namibe,AO,2020-02-21 19:01:05,-15.2,12.15,75.0,82,71,18.01
315,Yumen,CN,2020-02-21 19:01:05,40.28,97.2,23.34,51,10,2.46
316,Safranbolu,TR,2020-02-21 19:01:05,41.25,32.69,33.3,98,100,3.91
317,Rovaniemi,FI,2020-02-21 18:56:26,66.5,25.72,32.0,97,90,18.34
318,Coquimbo,CL,2020-02-21 19:01:05,-29.95,-71.34,68.0,68,20,14.99
319,Bambanglipuro,ID,2020-02-21 19:01:06,-7.95,110.28,74.93,94,99,2.71
320,Traverse City,US,2020-02-21 18:57:36,44.76,-85.62,35.6,43,1,12.75
321,Havoysund,NO,2020-02-21 19:01:06,71.0,24.66,33.8,59,23,14.99
322,Ipswich,GB,2020-02-21 19:01:07,52.06,1.16,50.0,76,20,19.46
323,Ambon,ID,2020-02-21 19:01:07,-3.7,128.18,81.97,79,100,14.58
324,Nago,JP,2020-02-21 19:01:07,26.59,127.98,66.2,82,20,3.36
325,Devils Lake,US,2020-02-21 19:01:08,48.11,-98.87,30.2,74,1,12.75
326,Nicoya,CR,2020-02-21 19:00:02,10.15,-85.45,91.4,41,20,23.04
327,Alyangula,AU,2020-02-21 19:01:09,-13.85,136.42,78.8,100,90,0.96
328,Kuusamo,FI,2020-02-21 19:01:09,65.97,29.18,32.0,96,90,14.99
329,Bilsi,IN,2020-02-21 19:01:09,28.13,78.92,59.97,74,15,8.16
330,Tautira,PF,2020-02-21 19:01:10,-17.73,-149.15,84.2,70,20,2.24
331,Jieshi,CN,2020-02-21 19:01:10,22.81,115.83,61.14,71,0,3.09
332,Wajir,KE,2020-02-21 18:59:19,1.75,40.06,91.4,46,5,8.34
333,Xinyang,CN,2020-02-21 19:01:11,32.12,114.07,48.7,66,5,1.81
334,Mnogovershinnyy,RU,2020-02-21 19:01:11,53.94,139.92,0.48,89,0,6.53
335,Los Llanos De Aridane,ES,2020-02-21 19:01:11,28.66,-17.92,66.2,59,40,6.93
336,Namie,JP,2020-02-21 19:01:12,37.48,141.0,42.01,93,100,1.95
337,Georgiyevskoye,RU,2020-02-21 19:01:12,58.73,45.02,31.86,98,98,4.68
338,Petropavlovsk-Kamchatskiy,RU,2020-02-21 19:01:12,53.05,158.65,1.4,59,98,6.71
339,Gordeyevka,RU,2020-02-21 19:01:13,52.96,31.97,36.48,89,92,7.54
340,Kidal,ML,2020-02-21 19:01:13,18.44,1.41,80.87,9,64,9.01
341,Garoua Boulai,CM,2020-02-21 19:01:13,5.88,14.55,85.84,24,89,5.19
342,Ulaangom,MN,2020-02-21 19:01:05,49.98,92.07,-4.86,94,100,1.99
343,Lima,PE,2020-02-21 18:57:50,-12.04,-77.03,84.2,62,93,11.41
344,Samus,RU,2020-02-21 19:01:14,56.75,84.7,24.01,92,75,6.71
345,San Francisco,US,2020-02-21 18:56:43,37.77,-122.42,64.99,36,65,10.29
346,Borogontsy,RU,2020-02-21 19:01:14,62.67,131.17,-8.45,97,100,6.15
347,Mokhsogollokh,RU,2020-02-21 19:01:14,61.47,128.92,2.19,97,100,1.63
348,Johi,PK,2020-02-21 19:01:15,26.69,67.61,71.33,28,61,4.12
349,Victoria,HK,2020-02-21 19:00:29,22.29,114.16,66.0,72,0,3.36
350,Almaznyy,RU,2020-02-21 19:01:15,48.04,40.05,33.8,98,75,13.42
351,Bandon,IE,2020-02-21 19:01:15,51.75,-8.74,48.99,93,75,26.4
352,North Platte,US,2020-02-21 19:00:34,41.12,-100.77,44.01,48,1,9.17
353,Scarborough,GB,2020-02-21 19:01:16,54.28,-0.4,51.01,76,88,24.16
354,Kahului,US,2020-02-21 19:01:16,20.89,-156.47,73.4,64,20,12.75
355,Barranca,PE,2020-02-21 19:01:16,-10.75,-77.77,73.15,87,94,7.76
356,Tazovskiy,RU,2020-02-21 19:01:17,67.47,78.7,10.87,93,98,15.64
357,Poya,NC,2020-02-21 19:01:17,-21.35,165.15,78.31,77,2,7.65
358,Colina,BR,2020-02-21 19:01:17,-20.71,-48.54,80.28,85,100,4.61
359,Dariba,IN,2020-02-21 19:01:17,24.95,74.13,60.31,33,1,7.56
360,Ulladulla,AU,2020-02-21 19:01:17,-35.35,150.47,61.0,87,90,7.47
361,Narsaq,GL,2020-02-21 19:01:18,60.92,-46.05,26.6,79,75,8.05
362,Walvis Bay,NA,2020-02-21 19:01:18,-22.96,14.51,69.8,73,20,8.05
363,Baykit,RU,2020-02-21 19:01:18,61.67,96.37,10.99,96,93,1.57
364,Lagos De Moreno,MX,2020-02-21 18:58:38,21.35,-101.92,73.4,38,75,19.46
365,Coria,ES,2020-02-21 19:01:19,39.99,-6.54,57.99,51,6,1.01
366,Ninghai,CN,2020-02-21 19:01:19,29.29,121.42,55.0,76,90,4.47
367,Eureka,US,2020-02-21 18:58:49,40.8,-124.16,54.0,76,1,1.14
368,Makat,KZ,2020-02-21 19:01:19,47.65,53.35,29.55,80,42,9.44
369,Krasnoselkup,RU,2020-02-21 19:01:20,65.7,82.47,23.43,96,98,10.18
370,Belmonte,BR,2020-02-21 19:01:20,-15.86,-38.88,86.0,79,40,3.36
371,Tommot,RU,2020-02-21 19:01:20,58.96,126.29,7.97,97,100,2.44
372,Cadillac,US,2020-02-21 19:01:20,44.25,-85.4,35.6,80,1,17.22
373,Glenwood Springs,US,2020-02-21 18:58:41,39.55,-107.32,32.0,66,1,11.41
374,Taos,US,2020-02-21 19:00:06,36.41,-105.57,39.2,48,1,8.05
375,San Patricio,MX,2020-02-21 19:01:21,19.22,-104.7,82.4,74,75,11.41
376,Edgewater,US,2020-02-21 19:01:21,28.99,-80.9,59.0,87,90,21.92
377,Culiacan,MX,2020-02-21 18:59:11,24.8,-107.39,87.01,54,5,3.49
378,Sitka,US,2020-02-21 19:01:22,57.05,-135.33,37.4,73,90,12.75
379,Tilichiki,RU,2020-02-21 19:01:22,60.47,166.1,-15.05,73,18,5.39
380,Bakchar,RU,2020-02-21 19:01:22,57.02,82.07,20.14,95,88,5.64
381,Cananea,MX,2020-02-21 19:01:22,30.95,-110.3,55.0,57,94,6.67
382,Port Moresby,PG,2020-02-21 18:58:09,-9.44,147.18,77.0,94,40,9.17
383,Matay,EG,2020-02-21 19:01:23,28.42,30.78,56.1,52,0,9.01
384,Taoudenni,ML,2020-02-21 19:01:23,22.68,-3.98,85.91,8,0,6.2
385,Mayo,US,2020-02-21 19:01:23,38.89,-76.51,37.0,31,1,10.29
386,Gat,IL,2020-02-21 19:01:23,31.61,34.76,60.8,67,40,5.82
387,Jinchang,CN,2020-02-21 19:01:24,38.5,102.17,26.17,33,17,4.32
388,Uzhur,RU,2020-02-21 19:01:24,55.3,89.83,21.27,84,100,3.96
389,Great Yarmouth,GB,2020-02-21 19:01:24,52.61,1.73,50.0,71,75,23.04
390,Sur,OM,2020-02-21 19:01:24,22.57,59.53,71.08,78,75,11.45
391,Joensuu,FI,2020-02-21 19:00:12,62.58,29.75,35.01,96,90,16.11
392,Payo,ID,2020-02-21 19:01:25,-3.75,103.64,67.6,95,99,2.26
393,Abalak,RU,2020-02-21 19:01:25,58.13,68.59,30.06,96,100,5.37
394,Umea,SE,2020-02-21 19:01:25,63.83,20.26,35.6,93,42,16.11
395,Oktyabrskoye,RU,2020-02-21 19:01:25,43.06,44.74,35.6,100,90,4.47
396,General Roca,AR,2020-02-21 19:01:26,-39.03,-67.58,75.2,23,0,10.29
397,Pa Sang,TH,2020-02-21 19:01:26,18.53,98.94,73.0,64,1,1.12
398,Paoua,CF,2020-02-21 19:01:26,7.24,16.44,83.97,25,19,3.8
399,Eyl,SO,2020-02-21 19:01:26,7.98,49.82,77.52,82,4,16.82
400,Mesesenii De Jos,RO,2020-02-21 19:01:27,47.15,22.98,36.0,98,98,5.82
401,Port Hardy,CA,2020-02-21 19:01:27,50.7,-127.42,42.8,75,90,9.17
402,Buchanan,LR,2020-02-21 19:01:27,5.88,-10.05,83.7,73,69,7.94
403,San Carlos De Bariloche,AR,2020-02-21 19:01:27,-41.15,-71.31,69.8,21,0,11.41
404,Zhigansk,RU,2020-02-21 19:01:28,66.77,123.37,-6.38,96,100,15.99
405,Red Bank,US,2020-02-21 18:58:44,40.35,-74.06,36.0,24,1,4.56
406,Sioux Lookout,CA,2020-02-21 19:01:28,50.1,-91.92,30.2,54,20,8.05
407,Mikhaylovka,RU,2020-02-21 19:01:28,50.06,43.24,34.0,84,100,7.99
408,Gornopravdinsk,RU,2020-02-21 19:01:29,60.05,69.9,25.38,94,95,7.02
409,Valleyview,CA,2020-02-21 19:01:29,55.07,-117.29,33.64,68,100,10.4
410,Debre Zeyit,ET,2020-02-21 19:01:29,8.75,38.98,70.02,51,35,7.96
411,Dimona,IL,2020-02-21 19:01:29,31.07,35.03,55.99,77,0,19.75
412,Portland,US,2020-02-21 19:00:30,45.52,-122.68,51.01,56,1,3.36
413,Qasigiannguit,GL,2020-02-21 19:01:30,68.82,-51.19,-2.2,53,20,6.93
414,Hornepayne,CA,2020-02-21 19:01:30,49.21,-84.77,30.83,75,1,20.58
415,Hasaki,JP,2020-02-21 19:01:30,35.73,140.83,50.0,87,75,6.93
416,Mitsamiouli,KM,2020-02-21 19:01:30,-11.38,43.28,80.6,88,20,4.7
417,Lazarev,RU,2020-02-21 19:01:31,52.23,141.51,2.79,87,0,6.98
418,Ishigaki,JP,2020-02-21 19:01:31,24.34,124.16,70.02,76,0,11.72
419,Qurayyat,SA,2020-02-21 19:01:31,31.33,37.34,59.0,33,51,16.11
420,Bac Lieu,VN,2020-02-21 19:01:31,9.29,105.72,77.13,60,60,13.8
421,Lumatil,PH,2020-02-21 19:01:32,5.87,124.89,70.45,78,31,5.5
422,Dwarka,IN,2020-02-21 19:01:32,22.24,68.97,76.48,52,51,13.69
423,Kondopoga,RU,2020-02-21 19:01:32,62.21,34.26,35.6,69,100,13.42
424,Talcahuano,CL,2020-02-21 19:01:32,-36.72,-73.12,64.4,68,20,14.99
425,Babayurt,RU,2020-02-21 19:01:32,43.6,46.78,37.89,84,71,5.86
426,Bella Union,UY,2020-02-21 19:01:33,-30.28,-57.6,74.01,33,0,16.35
427,North Bend,US,2020-02-21 19:01:33,43.41,-124.22,50.0,76,1,8.05
428,Carutapera,BR,2020-02-21 19:01:33,-1.2,-46.02,80.71,76,96,4.0
429,Arys,KZ,2020-02-21 19:01:33,42.43,68.8,48.2,61,90,2.24
430,Ankazoabo,MG,2020-02-21 19:01:34,-22.28,44.52,73.33,88,100,1.23
431,Gloria Do Goita,BR,2020-02-21 19:00:24,-8.0,-35.29,86.0,74,75,9.17
432,Knysna,ZA,2020-02-21 19:00:11,-34.04,23.05,66.2,77,0,5.82
433,Zhuhai,CN,2020-02-21 19:01:34,22.28,113.57,66.0,87,12,2.24
434,Antofagasta,CL,2020-02-21 19:01:35,-23.65,-70.4,73.4,69,20,12.75
435,Muzhi,RU,2020-02-21 19:01:35,65.37,64.67,9.48,76,0,7.34
436,Mwaro,BI,2020-02-21 19:01:35,-3.5,29.67,61.9,89,100,4.38
437,Pangody,RU,2020-02-21 19:01:35,65.85,74.49,2.08,96,77,14.41
438,Traralgon,AU,2020-02-21 19:01:35,-38.18,146.53,51.01,90,38,3.49
439,Koroni,GR,2020-02-21 19:01:36,36.8,21.95,55.0,71,46,2.24
440,Makokou,GA,2020-02-21 19:01:36,0.57,12.86,78.19,71,96,2.42
441,Hatta,IN,2020-02-21 19:01:36,24.12,79.6,69.78,31,52,7.85
442,Lensk,RU,2020-02-21 19:01:36,60.73,114.93,19.96,94,100,11.23
443,Nkowakowa,ZA,2020-02-21 19:01:36,-23.89,30.29,71.6,73,77,4.7
444,Marinette,US,2020-02-21 19:01:37,45.1,-87.63,32.0,46,1,16.11
445,Shimoda,JP,2020-02-21 19:01:37,34.67,138.95,46.99,90,100,1.99
446,Kutum,SD,2020-02-21 19:01:37,14.2,24.67,67.28,15,0,6.13
447,Xai-Xai,MZ,2020-02-21 19:01:37,-25.05,33.64,77.23,82,13,5.14
448,Albertville,US,2020-02-21 19:01:38,34.27,-86.21,45.0,51,1,11.41
449,Tarn Taran,IN,2020-02-21 19:01:38,31.45,74.93,60.8,87,20,5.48
450,Qianan,CN,2020-02-21 19:01:38,44.99,124.06,12.79,95,85,6.93
451,Pahrump,US,2020-02-21 18:59:16,36.21,-115.98,62.01,20,1,3.78
452,Muscat,OM,2020-02-21 19:00:20,23.61,58.59,73.4,88,32,2.24
453,Roald,NO,2020-02-21 19:01:39,62.58,6.13,45.0,80,40,43.62
454,Pangnirtung,CA,2020-02-21 19:01:39,66.15,-65.71,-34.6,65,40,1.95
455,Kampene,CD,2020-02-21 19:01:39,-3.6,26.67,75.02,90,96,3.65
456,Vryburg,ZA,2020-02-21 19:01:40,-26.96,24.73,72.55,60,73,7.45
457,Isangel,VU,2020-02-21 19:01:40,-19.55,169.27,71.6,100,20,11.27
458,Hamilton,US,2020-02-21 19:00:29,39.18,-84.53,36.0,27,1,4.65
459,Lukulu,ZM,2020-02-21 19:01:40,-14.37,23.24,70.99,86,82,3.06
460,Biltine,TD,2020-02-21 19:01:41,14.53,20.92,79.63,10,0,10.54
461,La Rioja,ES,2020-02-21 18:57:58,42.25,-2.5,50.0,76,0,1.12
462,Bonthe,SL,2020-02-21 19:01:41,7.53,-12.51,85.64,67,73,12.48
463,Praia Da Vitoria,PT,2020-02-21 19:01:41,38.73,-27.07,60.8,72,20,8.88
464,Tura,IN,2020-02-21 19:01:42,25.52,90.22,70.2,53,100,5.26
465,Diamantino,BR,2020-02-21 19:01:42,-14.41,-56.45,83.88,72,100,3.87
466,Cabinda,AO,2020-02-21 19:01:42,-5.55,12.2,86.0,79,40,6.93
467,Grand Gaube,MU,2020-02-21 19:01:43,-20.01,57.66,79.0,74,40,8.05
468,Port Hedland,AU,2020-02-21 19:01:43,-20.32,118.57,82.4,83,75,5.82
469,Cortez,US,2020-02-21 19:01:43,37.35,-108.59,48.0,33,1,4.7
470,Sinop,TR,2020-02-21 19:01:43,41.77,34.87,46.4,93,90,9.17
471,Puerto Del Rosario,ES,2020-02-21 19:01:44,28.5,-13.86,68.0,68,20,17.22
472,Biak,ID,2020-02-21 19:01:44,-0.91,122.88,81.14,76,74,8.34
473,Ahuimanu,US,2020-02-21 19:01:44,21.44,-157.84,73.4,77,90,6.93
474,Pringsewu,ID,2020-02-21 19:01:44,-5.36,104.97,71.64,97,88,4.34
475,Beyneu,KZ,2020-02-21 19:01:44,45.32,55.2,37.24,88,100,6.22
476,Henties Bay,NA,2020-02-21 19:01:45,-22.12,14.28,66.0,89,62,1.99
477,Puerto Boyaca,CO,2020-02-21 19:01:45,5.98,-74.59,87.03,62,100,3.85
478,Bemidji,US,2020-02-21 19:01:45,47.47,-94.88,34.0,86,1,10.29
479,Namwala,ZM,2020-02-21 19:01:45,-15.75,26.44,70.39,91,100,3.74
480,Liuhe,CN,2020-02-21 19:01:46,42.24,125.72,24.22,97,100,3.29
481,Sao Joao Da Barra,BR,2020-02-21 19:01:06,-21.64,-41.05,95.0,47,40,6.93
482,Codrington,AU,2020-02-21 19:01:46,-38.27,141.97,58.82,70,29,12.75
483,Port Macquarie,AU,2020-02-21 19:01:46,-31.43,152.92,68.0,94,90,5.82
484,Ossora,RU,2020-02-21 19:01:47,59.24,163.07,-10.98,67,2,2.89
485,Dhidhdhoo,MV,2020-02-21 19:01:47,6.88,73.1,82.29,76,0,12.8
486,San Quintin,MX,2020-02-21 19:01:47,30.48,-115.95,67.87,45,100,6.64
487,Kimbe,PG,2020-02-21 19:01:47,-5.55,150.14,74.5,95,90,2.35
488,Louis Trichardt,ZA,2020-02-21 19:01:47,-23.04,29.9,69.89,94,67,5.61
489,Pacific Grove,US,2020-02-21 19:01:48,36.62,-121.92,66.2,51,1,15.21
490,Chiang Klang,TH,2020-02-21 19:01:48,19.29,100.86,69.3,54,98,2.3
491,Dumas,US,2020-02-21 19:01:48,35.87,-101.97,50.0,48,1,26.4
492,Kaabong,UG,2020-02-21 19:01:48,3.48,34.15,77.72,41,47,12.5
493,Tuatapere,NZ,2020-02-21 19:01:49,-46.13,167.68,50.0,92,100,3.0
494,Kulhudhuffushi,MV,2020-02-21 19:00:44,6.62,73.07,82.51,76,48,12.39
495,Nouadhibou,MR,2020-02-21 19:01:49,20.93,-17.03,68.0,72,0,25.28
496,Berlevag,NO,2020-02-21 19:01:49,70.86,29.09,37.11,79,83,28.32
497,Skibotn,NO,2020-02-21 19:01:50,69.39,20.27,37.4,59,40,43.62
498,Klaksvik,FO,2020-02-21 19:01:50,62.23,-6.59,37.4,74,77,16.11
499,Jever,DE,2020-02-21 19:01:50,53.58,7.9,46.0,87,75,17.22
500,Kirovskiy,RU,2020-02-21 19:01:50,45.09,133.51,29.46,96,100,8.01
501,Naze,JP,2020-02-21 19:01:50,28.37,129.48,59.0,82,0,4.7
502,Vostok,RU,2020-02-21 19:01:51,46.49,135.88,14.59,96,100,4.25
503,Honiara,SB,2020-02-21 19:01:51,-9.43,159.95,72.59,88,66,3.47
504,Tarko-Sale,RU,2020-02-21 19:01:51,64.92,77.78,7.0,86,99,15.21
505,Baghdad,IQ,2020-02-21 18:59:28,33.34,44.4,60.8,55,55,4.7
506,Saint-Georges,GD,2020-02-21 19:00:35,12.06,-61.75,82.4,69,40,19.46
507,Touros,BR,2020-02-21 19:01:52,-5.2,-35.46,86.0,70,75,9.17
508,Manokwari,ID,2020-02-21 19:01:52,-0.87,134.08,72.93,79,100,3.94
509,Tashtyp,RU,2020-02-21 19:01:52,52.79,89.9,24.55,79,100,3.89
510,Bosaso,SO,2020-02-21 19:01:52,11.28,49.18,76.91,80,34,7.74
511,Lingyuan,CN,2020-02-21 19:01:52,41.24,119.4,20.7,55,0,7.25
512,Burriana,ES,2020-02-21 19:01:53,39.89,-0.09,55.99,93,0,2.24
513,Qaqortoq,GL,2020-02-21 19:01:53,60.72,-46.03,26.6,79,75,8.05
514,Ayagoz,KZ,2020-02-21 19:01:53,47.97,80.44,19.65,75,98,6.46
515,Xique-Xique,BR,2020-02-21 19:01:53,-10.82,-42.73,90.43,38,96,5.5
516,Bauta,CU,2020-02-21 19:01:54,22.98,-82.55,80.6,74,75,10.29
517,Horki,BY,2020-02-21 19:01:54,54.29,30.98,34.57,89,36,10.98
518,Areka,ET,2020-02-21 19:01:54,7.07,37.7,78.71,37,5,2.95
519,Khani,GE,2020-02-21 19:01:54,41.96,42.96,41.0,80,40,2.24
520,Peniche,PT,2020-02-21 19:01:54,39.36,-9.38,68.0,55,0,4.7
521,Cap Malheureux,MU,2020-02-21 19:01:55,-19.98,57.61,79.0,74,40,8.05
522,Blythe,US,2020-02-21 19:01:55,33.61,-114.6,73.0,16,1,8.01
523,Birjand,IR,2020-02-21 19:01:55,32.87,59.22,44.6,42,0,6.93
524,Khash,IR,2020-02-21 19:01:55,28.22,61.22,57.78,48,0,11.56
525,Trairi,BR,2020-02-21 19:01:55,-3.28,-39.27,78.33,86,100,2.21
526,Devrek,TR,2020-02-21 19:01:56,41.22,31.96,36.52,97,100,4.38
527,Port Keats,AU,2020-02-21 19:01:57,-14.25,129.55,85.77,80,63,12.97
528,Saint-Augustin,CA,2020-02-21 19:01:57,51.23,-58.65,2.59,75,0,20.78
529,Vestmanna,FO,2020-02-21 19:01:57,62.16,-7.17,37.4,74,82,16.11
530,Sabang,ID,2020-02-21 19:01:58,5.89,95.32,83.66,76,0,29.55
531,Olafsvik,IS,2020-02-21 19:01:58,64.89,-23.71,30.74,77,100,35.39
532,Okhotsk,RU,2020-02-21 19:01:58,59.38,143.3,-17.93,75,0,6.11
533,Katsuura,JP,2020-02-21 19:01:58,35.13,140.3,53.01,87,75,3.36
534,Louga,RU,2020-02-21 19:01:58,58.74,29.85,35.06,72,100,12.53
535,Les Cayes,HT,2020-02-21 19:01:59,18.2,-73.75,78.91,74,28,9.66
536,Manoel Urbano,BR,2020-02-21 19:01:59,-8.84,-69.26,83.93,88,92,3.6
537,Liling,CN,2020-02-21 19:01:59,27.67,113.5,46.4,100,94,1.23
538,Constantine,DZ,2020-02-21 18:59:36,36.37,6.61,48.2,81,40,3.36
539,Mandalgarh,IN,2020-02-21 19:01:59,25.2,75.1,60.89,28,26,5.77
540,Royan,FR,2020-02-21 19:00:41,45.63,-1.03,48.2,61,44,2.24
